Key	WikidataId	Author	No of co-authors	Title	Normalized year	Size	Libretto	Print edition	Year written	No of acts	Filename	Xmlid	Corpus	Date	Author gender (manual)	Author birth	Author death	Characters	Co-authors	Author age (time of writing)	Posthumous	Authorid	Publication statement	files
shake000037	Q584729	Shakespeare, William	0	Pericles	1609	54	false	1609	1608	5	pericles	shake000037	ShakeDraCor	1609	male	1564	1616	"Gower (M); Antiochus (M); Pericles (M); Daughter (F); Thaliard (M); Messenger (M); LORDS.TYRE.0.1_Per (M); LORDS.TYRE.0.2_Per (M); Helicanus (M); Cleon (M); Dionyza (F); Lord (M); FISHERMEN.1_Per (M); FISHERMEN.2_Per (M); FISHERMEN.3_Per (M); Simonides (M); LORDS.PENTAPOLIS.0.1_Per (M); Thaisa (F); LORDS.PENTAPOLIS.0.2_Per (M); LORDS.PENTAPOLIS.0.3_Per (M); Marshal (M); KNIGHTS.0.1_Per (M); Escanes (M); LORDS.TYRE.0.3_Per (M); KNIGHTS.0.2_Per (M); KNIGHTS.0.3_Per (M); Lychorida (F); SAILORS.1_Per (M); SAILORS.2_Per (M); Lord Cerimon (M); Philemon (M); SUPPLIANTS.1_Per (M); GENTLEMEN.EPHESUS.1_Per (M); GENTLEMEN.EPHESUS.2_Per (M); Leonine (M); Marina (F); PIRATES.0.1_Per (M); PIRATES.0.2_Per (M); PIRATES.0.3_Per (M); Pander (M); Bolt (M); Bawd (F); GENTLEMEN.MYTILENE.1_Per (M); GENTLEMEN.MYTILENE.2_Per (M); Lysimachus (M); Sailor (M); Gentleman (M); Sailor (M); Lord (M); Diana (F)"		45	false	https://www.wikidata.org/wiki/Q692	DraCor: https://dracor.org/	pericles.xml
shake000008	Q104871	Shakespeare, William	0	A Midsummer Night�s Dream	1595	25	false		1595	5	a-midsummer-night-s-dream	shake000008	ShakeDraCor	1595	male	1564	1616	"Theseus (M); Hippolyta (F); Egeus (M); Hermia (F); Demetrius (MAE); Lysander (M); Helena (F); Peter Quince (M); Nick Bottom (M); Francis Flute (M); Robin Starveling ( MALE); Tom Snout (M); Snug (M); Robin Goodfellow (M); A Fairy (F); Oberon (M); Titania (F); Peaseblossom (M); Cobweb (M); Mote (Unk); Mustardseed (M); Philostrate (M)"		31	false	https://www.wikidata.org/wiki/Q692	DraCor: https://dracor.org/	a-midsummer-night-s-dream.xml
shake000005	Q506505	Shakespeare, William	0	The Comedy of Errors	1594	19	false		1594	5	the-comedy-of-errors	shake000005	ShakeDraCor	1594	male	1564	1616	"Egeon (M); Duke (M); Officer (M); First Merchant (M); Antipholus of Syracuse (M); Dromio of Syracuse (M); Dromio of Ephesus (M); Adriana (F); Luciana (F); Antipholus of Ephesus (M); Balthasar (M); Luce (F); Angelo (M); Second Merchant (M); Courtesan (F); Dr. Pinch (M); Lady Abbess (F); Messenger (M)"		30	false	https://www.wikidata.org/wiki/Q692	DraCor: https://dracor.org/	the-comedy-of-errors.xml
shake000002	Q232042	Shakespeare, William	0	Two Gentlemen of Verona	1591	17	false		1591	5	two-gentlemen-of-verona	shake000002	ShakeDraCor	1591	male	1564	1616	"Valentine (M); Proteus (M); Speed (M); Julia (F); Lucetta (F); Antonio (M); Pantino (M); Sylvia (F); Lance (M); Thurio (M); Duke (M); Servants (M); Outlaws 1 (M); Outlaws 2 (M); Outlaws 3 (M); Host (M); Eglamour (M)"		27	false	https://www.wikidata.org/wiki/Q692	DraCor: https://dracor.org/	two-gentlemen-of-verona.xml
shake000001	Q86440	Shakespeare, William	0	The Tempest	1611	19	false	1611	1611	5	the-tempest	shake000001	ShakeDraCor	1611	male	1564	1616	"Shipmaster (M); Boatswain (M); Alonso (M); Antonio (M); Gonzalo (M); Sebastian (M); Miranda (F); Prospero (M); Ariel (Unk); Caliban (M); Ferdinand (M); Adrian (M); Francisco (M); Trinculo (M); Stephano (M); SPIRITS.Iris_Tmp (F); SPIRITS.Ceres_Tmp (F); SPIRITS.Juno_Tmp (F)"		47	false	https://www.wikidata.org/wiki/Q692	DraCor: https://dracor.org/	the-tempest.xml
